"","part_age_cat","n","prop"
"1","Adult",6542568,0.618125275992311
"2","Children",1542745,0.145754645409992
"3","Elderly",1726586,0.163123478086045
"4","Teens",772635,0.0729966005116522
